{
  "Baseline": {
    "mean_ms": 10.353732679868699,
    "std_ms": 0.6159079408583819,
    "median_ms": 9.989393500291044,
    "throughput_img_s": 9658.352508408412,
    "batch_size": 100
  },
  "FDConv": {
    "mean_ms": 255.92201705989282,
    "std_ms": 0.14453551628739217,
    "median_ms": 255.9448274996612,
    "throughput_img_s": 390.7440287820068,
    "batch_size": 100
  },
  "WDConv": {
    "mean_ms": 284.8667402200226,
    "std_ms": 0.20064465879560545,
    "median_ms": 284.91540550021455,
    "throughput_img_s": 351.04133224806435,
    "batch_size": 100
  }
}